{
  "device": "NVIDIA GeForce RTX 4050 Laptop GPU",
  "sm": "89",
  "clock_rate_khz": 1605000,
  "model": {"n_layers": 2, "dim": 256, "n_heads": 4, "ffn_dim": 1024},
  "n_warmup_batches": 3,
  "n_warmup_per_batch": 500,
  "n_loop_launches": 500,
  "n_per_launch": 100,
  "real_loop_total_ms": 407.05639648,
  "real_per_step_ms": 0.81411278,
  "noop_loop_total_ms": 13.30278397,
  "noop_per_step_ms": 0.02660557,
  "kappa_fused_ms": 0.02660557,
  "kappa_fused_us": 26.6056,
  "kappa_source": "noop_loop_single_event_pair_div_N",
  "compute_cuda_event_ms": 0.78750721,
  "compute_cuda_event_source": "real_per_step_minus_kappa",
  "clock64_compute_cycles_per_step": 1969530,
  "clock64_compute_ms_at_base_clock": 1.22712133,
  "clock64_n_timed_steps": 100,
  "per_launch_real_ms": {
    "median": 0.71526402,
    "mean": 0.74173439,
    "std": 0.11399858,
    "p25": 0.70758402,
    "p75": 0.72294402,
    "min": 0.69734401,
    "max": 1.43462396,
    "unit": "ms"
  },
  "per_launch_noop_ms": {
    "median": 0.04305600,
    "mean": 0.06279040,
    "std": 0.07355466,
    "p25": 0.02972800,
    "p75": 0.05734400,
    "min": 0.00307200,
    "max": 0.43520001,
    "unit": "ms"
  }
}
