{
  "device": "NVIDIA GeForce RTX 4050 Laptop GPU",
  "sm": "89",
  "clock_rate_khz": 1605000,
  "model": {"n_layers": 2, "dim": 256, "n_heads": 4, "ffn_dim": 1024},
  "n_warmup_batches": 3,
  "n_warmup_per_batch": 500,
  "n_loop_launches": 500,
  "n_per_launch": 100,
  "real_loop_total_ms": 404.10522461,
  "real_per_step_ms": 0.80821043,
  "noop_loop_total_ms": 20.81052780,
  "noop_per_step_ms": 0.04162106,
  "kappa_fused_ms": 0.04162106,
  "kappa_fused_us": 41.6211,
  "kappa_source": "noop_loop_single_event_pair_div_N",
  "compute_cuda_event_ms": 0.76658938,
  "compute_cuda_event_source": "real_per_step_minus_kappa",
  "clock64_compute_cycles_per_step": 1949767,
  "clock64_compute_ms_at_base_clock": 1.21480823,
  "clock64_n_timed_steps": 100,
  "per_launch_real_ms": {
    "median": 0.71424001,
    "mean": 0.73390079,
    "std": 0.10114066,
    "p25": 0.70656002,
    "p75": 0.72294402,
    "min": 0.69734401,
    "max": 1.36499202,
    "unit": "ms"
  },
  "per_launch_noop_ms": {
    "median": 0.03686400,
    "mean": 0.09004160,
    "std": 0.22956835,
    "p25": 0.03174400,
    "p75": 0.07872000,
    "min": 0.00409600,
    "max": 1.74470401,
    "unit": "ms"
  }
}
