{
  "device": "NVIDIA GeForce RTX 4050 Laptop GPU",
  "sm": "89",
  "clock_rate_khz": 1605000,
  "model": {"n_layers": 2, "dim": 256, "n_heads": 4, "ffn_dim": 1024},
  "n_warmup_batches": 3,
  "n_warmup_per_batch": 500,
  "n_loop_launches": 500,
  "n_per_launch_real": 100,
  "n_per_launch_noop": 2000,
  "real_loop_total_ms": 407.85406494,
  "real_per_step_ms": 0.81570810,
  "noop_loop_total_ms": 2.61708808,
  "noop_per_step_ms": 0.00523418,
  "kappa_fused_ms": 0.00523418,
  "kappa_fused_us": 5.2342,
  "kappa_source": "noop_loop_single_event_pair_div_N",
  "compute_cuda_event_ms": 0.81047392,
  "compute_cuda_event_source": "real_per_step_minus_kappa",
  "clock64_compute_cycles_per_step": 1957011,
  "clock64_compute_ms_at_base_clock": 1.21932147,
  "clock64_n_timed_steps": 100,
  "per_launch_real_ms": {
    "median": 0.71372801,
    "mean": 0.72260672,
    "std": 0.04683024,
    "p25": 0.70656002,
    "p75": 0.72294402,
    "min": 0.69632000,
    "max": 0.95641601,
    "unit": "ms"
  },
  "per_launch_noop_ms": {
    "median": 0.00595200,
    "mean": 0.01277699,
    "std": 0.01561395,
    "p25": 0.00409600,
    "p75": 0.02339200,
    "min": 0.00307200,
    "max": 0.35123199,
    "unit": "ms"
  },
  "noop_sync_loop_total_ms": 3.89939189,
  "noop_sync_per_step_ms": 0.00779878,
  "kappa_fused_sync_ms": 0.00779878,
  "kappa_fused_sync_us": 7.7988,
  "per_launch_noop_sync_ms": {
    "median": 0.00907200,
    "mean": 0.01498899,
    "std": 0.01090763,
    "p25": 0.00819200,
    "p75": 0.02355200,
    "min": 0.00716800,
    "max": 0.04505600,
    "unit": "ms"
  }
}
