{
  "device": "NVIDIA GeForce RTX 4050 Laptop GPU",
  "sm": "89",
  "clock_rate_khz": 1605000,
  "model": {"n_layers": 2, "dim": 256, "n_heads": 4, "ffn_dim": 1024},
  "n_warmup_batches": 3,
  "n_warmup_per_batch": 500,
  "n_loop_launches": 500,
  "n_per_launch_real": 100,
  "n_per_launch_noop": 2000,
  "real_loop_total_ms": 412.02380371,
  "real_per_step_ms": 0.82404763,
  "noop_loop_total_ms": 3.63916802,
  "noop_per_step_ms": 0.00727834,
  "kappa_fused_ms": 0.00727834,
  "kappa_fused_us": 7.2783,
  "kappa_source": "noop_loop_single_event_pair_div_N",
  "compute_cuda_event_ms": 0.81676929,
  "compute_cuda_event_source": "real_per_step_minus_kappa",
  "clock64_compute_cycles_per_step": 1974975,
  "clock64_compute_ms_at_base_clock": 1.23051385,
  "clock64_n_timed_steps": 100,
  "per_launch_real_ms": {
    "median": 0.71475202,
    "mean": 0.73001790,
    "std": 0.08903131,
    "p25": 0.70553601,
    "p75": 0.72192001,
    "min": 0.69632000,
    "max": 1.34758401,
    "unit": "ms"
  },
  "per_launch_noop_ms": {
    "median": 0.00528000,
    "mean": 0.01123355,
    "std": 0.01383032,
    "p25": 0.00409600,
    "p75": 0.01740800,
    "min": 0.00307200,
    "max": 0.22630399,
    "unit": "ms"
  },
  "noop_sync_loop_total_ms": 5.10054398,
  "noop_sync_per_step_ms": 0.01020109,
  "kappa_fused_sync_ms": 0.01020109,
  "kappa_fused_sync_us": 10.2011,
  "per_launch_noop_sync_ms": {
    "median": 0.00932800,
    "mean": 0.02531450,
    "std": 0.03568832,
    "p25": 0.00851200,
    "p75": 0.04300800,
    "min": 0.00729600,
    "max": 0.63590401,
    "unit": "ms"
  }
}
