{
  "device": "NVIDIA GeForce RTX 4050 Laptop GPU",
  "sm": "89",
  "clock_rate_khz": 1605000,
  "model": {"n_layers": 2, "dim": 256, "n_heads": 4, "ffn_dim": 1024},
  "n_warmup_batches": 3,
  "n_warmup_per_batch": 500,
  "n_loop_launches": 500,
  "n_per_launch_real": 100,
  "n_per_launch_noop": 2000,
  "real_loop_total_ms": 407.88992310,
  "real_per_step_ms": 0.81577986,
  "noop_loop_total_ms": 2.78118396,
  "noop_per_step_ms": 0.00556237,
  "kappa_fused_ms": 0.00556237,
  "kappa_fused_us": 5.5624,
  "kappa_source": "noop_loop_single_event_pair_div_N",
  "compute_cuda_event_ms": 0.81021750,
  "compute_cuda_event_source": "real_per_step_minus_kappa",
  "clock64_compute_cycles_per_step": 1955275,
  "clock64_compute_ms_at_base_clock": 1.21823988,
  "clock64_n_timed_steps": 100,
  "per_launch_real_ms": {
    "median": 0.71526402,
    "mean": 0.75914240,
    "std": 0.15951246,
    "p25": 0.70656002,
    "p75": 0.72499198,
    "min": 0.69734401,
    "max": 1.49401605,
    "unit": "ms"
  },
  "per_launch_noop_ms": {
    "median": 0.00539200,
    "mean": 0.01230573,
    "std": 0.02544086,
    "p25": 0.00409600,
    "p75": 0.01433600,
    "min": 0.00297600,
    "max": 0.51814401,
    "unit": "ms"
  },
  "noop_sync_loop_total_ms": 5.20726395,
  "noop_sync_per_step_ms": 0.01041453,
  "kappa_fused_sync_ms": 0.01041453,
  "kappa_fused_sync_us": 10.4145,
  "per_launch_noop_sync_ms": {
    "median": 0.00921600,
    "mean": 0.01583994,
    "std": 0.01279831,
    "p25": 0.00835200,
    "p75": 0.01920000,
    "min": 0.00723200,
    "max": 0.09414400,
    "unit": "ms"
  }
}
