{
  "device": "NVIDIA GeForce RTX 4050 Laptop GPU",
  "sm": "89",
  "clock_rate_khz": 1605000,
  "model": {"n_layers": 2, "dim": 256, "n_heads": 4, "ffn_dim": 1024},
  "n_warmup_batches": 3,
  "n_warmup_per_batch": 500,
  "n_loop_launches": 500,
  "n_per_launch_real": 100,
  "n_per_launch_noop": 2000,
  "real_loop_total_ms": 404.42266846,
  "real_per_step_ms": 0.80884534,
  "noop_loop_total_ms": 4.12364817,
  "noop_per_step_ms": 0.00824730,
  "kappa_fused_ms": 0.00824730,
  "kappa_fused_us": 8.2473,
  "kappa_source": "noop_loop_single_event_pair_div_N",
  "compute_cuda_event_ms": 0.80059804,
  "compute_cuda_event_source": "real_per_step_minus_kappa",
  "clock64_compute_cycles_per_step": 1954478,
  "clock64_compute_ms_at_base_clock": 1.21774335,
  "clock64_n_timed_steps": 100,
  "per_launch_real_ms": {
    "median": 0.71424001,
    "mean": 0.75053149,
    "std": 0.14506048,
    "p25": 0.70656002,
    "p75": 0.72396803,
    "min": 0.69632000,
    "max": 1.57798398,
    "unit": "ms"
  },
  "per_launch_noop_ms": {
    "median": 0.00579200,
    "mean": 0.01249378,
    "std": 0.02781869,
    "p25": 0.00409600,
    "p75": 0.01638400,
    "min": 0.00307200,
    "max": 0.69939202,
    "unit": "ms"
  },
  "noop_sync_loop_total_ms": 4.31308794,
  "noop_sync_per_step_ms": 0.00862618,
  "kappa_fused_sync_ms": 0.00862618,
  "kappa_fused_sync_us": 8.6262,
  "per_launch_noop_sync_ms": {
    "median": 0.00921600,
    "mean": 0.01546451,
    "std": 0.01138703,
    "p25": 0.00844800,
    "p75": 0.02240000,
    "min": 0.00748800,
    "max": 0.13488001,
    "unit": "ms"
  }
}
