{
  "device": "NVIDIA GeForce RTX 4050 Laptop GPU",
  "sm": "89",
  "clock_rate_khz": 1605000,
  "model": {"n_layers": 2, "dim": 256, "n_heads": 4, "ffn_dim": 1024},
  "n_warmup_batches": 3,
  "n_warmup_per_batch": 500,
  "n_loop_launches": 500,
  "n_per_launch": 100,
  "real_loop_total_ms": 394.48065186,
  "real_per_step_ms": 0.78896129,
  "noop_loop_total_ms": 19.41299248,
  "noop_per_step_ms": 0.03882599,
  "kappa_fused_ms": 0.03882599,
  "kappa_fused_us": 38.8260,
  "kappa_source": "noop_loop_single_event_pair_div_N",
  "compute_cuda_event_ms": 0.75013531,
  "compute_cuda_event_source": "real_per_step_minus_kappa",
  "clock64_compute_cycles_per_step": 1921961,
  "clock64_compute_ms_at_base_clock": 1.19748376,
  "clock64_n_timed_steps": 100,
  "per_launch_real_ms": {
    "median": 0.71424001,
    "mean": 0.72227842,
    "std": 0.05204336,
    "p25": 0.70553601,
    "p75": 0.72294402,
    "min": 0.69734401,
    "max": 1.11206400,
    "unit": "ms"
  },
  "per_launch_noop_ms": {
    "median": 0.02969600,
    "mean": 0.04419072,
    "std": 0.02422300,
    "p25": 0.02867200,
    "p75": 0.06144000,
    "min": 0.00716800,
    "max": 0.13209599,
    "unit": "ms"
  },
  "noop_sync_loop_total_ms": 15.15007973,
  "noop_sync_per_step_ms": 0.03030016,
  "kappa_fused_sync_ms": 0.03030016,
  "kappa_fused_sync_us": 30.3002,
  "per_launch_noop_sync_ms": {
    "median": 0.03080000,
    "mean": 0.04363392,
    "std": 0.02294043,
    "p25": 0.03062400,
    "p75": 0.05932800,
    "min": 0.01539200,
    "max": 0.15155201,
    "unit": "ms"
  }
}
