{
  "device": "NVIDIA GeForce RTX 4050 Laptop GPU",
  "sm": "89",
  "clock_rate_khz": 1605000,
  "model": {"n_layers": 2, "dim": 256, "n_heads": 4, "ffn_dim": 1024},
  "n_warmup_batches": 3,
  "n_warmup_per_batch": 500,
  "n_loop_launches": 500,
  "n_per_launch": 100,
  "real_loop_total_ms": 406.31604004,
  "real_per_step_ms": 0.81263208,
  "noop_loop_total_ms": 16.54886436,
  "noop_per_step_ms": 0.03309773,
  "kappa_fused_ms": 0.03309773,
  "kappa_fused_us": 33.0977,
  "kappa_source": "noop_loop_single_event_pair_div_N",
  "compute_cuda_event_ms": 0.77953435,
  "compute_cuda_event_source": "real_per_step_minus_kappa",
  "clock64_compute_cycles_per_step": 1965468,
  "clock64_compute_ms_at_base_clock": 1.22459041,
  "clock64_n_timed_steps": 100,
  "per_launch_real_ms": {
    "median": 0.71526402,
    "mean": 0.73868126,
    "std": 0.10839117,
    "p25": 0.70656002,
    "p75": 0.72294402,
    "min": 0.69529599,
    "max": 1.41107202,
    "unit": "ms"
  },
  "per_launch_noop_ms": {
    "median": 0.04558400,
    "mean": 0.05951424,
    "std": 0.09045234,
    "p25": 0.03187200,
    "p75": 0.06041600,
    "min": 0.00409600,
    "max": 0.76707202,
    "unit": "ms"
  }
}
