{
  "device": "NVIDIA GeForce RTX 4050 Laptop GPU",
  "sm": "89",
  "clock_rate_khz": 1605000,
  "model": {"n_layers": 2, "dim": 256, "n_heads": 4, "ffn_dim": 1024},
  "n_warmup_batches": 3,
  "n_warmup_per_batch": 500,
  "n_loop_launches": 500,
  "n_per_launch": 100,
  "real_loop_total_ms": 408.56268311,
  "real_per_step_ms": 0.81712538,
  "noop_loop_total_ms": 17.90780830,
  "noop_per_step_ms": 0.03581562,
  "kappa_fused_ms": 0.03581562,
  "kappa_fused_us": 35.8156,
  "kappa_source": "noop_loop_single_event_pair_div_N",
  "compute_cuda_event_ms": 0.78130976,
  "compute_cuda_event_source": "real_per_step_minus_kappa",
  "clock64_compute_cycles_per_step": 1974415,
  "clock64_compute_ms_at_base_clock": 1.23016486,
  "clock64_n_timed_steps": 100,
  "per_launch_real_ms": {
    "median": 0.71372801,
    "mean": 0.72645599,
    "std": 0.07121468,
    "p25": 0.70758402,
    "p75": 0.72294402,
    "min": 0.69734401,
    "max": 1.31785595,
    "unit": "ms"
  },
  "per_launch_noop_ms": {
    "median": 0.04033600,
    "mean": 0.46256703,
    "std": 2.63095927,
    "p25": 0.01433600,
    "p75": 0.05532800,
    "min": 0.00307200,
    "max": 22.34777641,
    "unit": "ms"
  }
}
