{
  "device": "NVIDIA GeForce RTX 4050 Laptop GPU",
  "sm": "89",
  "clock_rate_khz": 1605000,
  "model": {"n_layers": 2, "dim": 256, "n_heads": 4, "ffn_dim": 1024},
  "n_warmup_batches": 3,
  "n_warmup_per_batch": 500,
  "n_loop_launches": 500,
  "n_per_launch_real": 100,
  "n_per_launch_noop": 2000,
  "real_loop_total_ms": 412.39859009,
  "real_per_step_ms": 0.82479715,
  "noop_loop_total_ms": 3.11993599,
  "noop_per_step_ms": 0.00623987,
  "kappa_fused_ms": 0.00623987,
  "kappa_fused_us": 6.2399,
  "kappa_source": "noop_loop_single_event_pair_div_N",
  "compute_cuda_event_ms": 0.81855728,
  "compute_cuda_event_source": "real_per_step_minus_kappa",
  "clock64_compute_cycles_per_step": 1974392,
  "clock64_compute_ms_at_base_clock": 1.23015106,
  "clock64_n_timed_steps": 100,
  "per_launch_real_ms": {
    "median": 0.71526402,
    "mean": 0.75675392,
    "std": 0.14981909,
    "p25": 0.70553601,
    "p75": 0.72396803,
    "min": 0.69734401,
    "max": 1.47558403,
    "unit": "ms"
  },
  "per_launch_noop_ms": {
    "median": 0.00604800,
    "mean": 0.01258618,
    "std": 0.01990110,
    "p25": 0.00512000,
    "p75": 0.01843200,
    "min": 0.00307200,
    "max": 0.53248000,
    "unit": "ms"
  },
  "noop_sync_loop_total_ms": 5.63606405,
  "noop_sync_per_step_ms": 0.01127213,
  "kappa_fused_sync_ms": 0.01127213,
  "kappa_fused_sync_us": 11.2721,
  "per_launch_noop_sync_ms": {
    "median": 0.00918400,
    "mean": 0.01624070,
    "std": 0.01404595,
    "p25": 0.00832000,
    "p75": 0.02355200,
    "min": 0.00716800,
    "max": 0.10649600,
    "unit": "ms"
  }
}
