{
  "device": "NVIDIA GeForce RTX 4050 Laptop GPU",
  "sm": "89",
  "clock_rate_khz": 1605000,
  "model": {"n_layers": 2, "dim": 256, "n_heads": 4, "ffn_dim": 1024},
  "n_warmup_batches": 3,
  "n_warmup_per_batch": 500,
  "n_loop_launches": 500,
  "n_per_launch_real": 100,
  "n_per_launch_noop": 2000,
  "real_loop_total_ms": 412.61645508,
  "real_per_step_ms": 0.82523292,
  "noop_loop_total_ms": 3.02387190,
  "noop_per_step_ms": 0.00604774,
  "kappa_fused_ms": 0.00604774,
  "kappa_fused_us": 6.0477,
  "kappa_source": "noop_loop_single_event_pair_div_N",
  "compute_cuda_event_ms": 0.81918518,
  "compute_cuda_event_source": "real_per_step_minus_kappa",
  "clock64_compute_cycles_per_step": 1978727,
  "clock64_compute_ms_at_base_clock": 1.23285202,
  "clock64_n_timed_steps": 100,
  "per_launch_real_ms": {
    "median": 0.71577603,
    "mean": 0.76375008,
    "std": 0.15816359,
    "p25": 0.70758402,
    "p75": 0.72396803,
    "min": 0.69632000,
    "max": 1.38035202,
    "unit": "ms"
  },
  "per_launch_noop_ms": {
    "median": 0.00588800,
    "mean": 0.01120224,
    "std": 0.01269394,
    "p25": 0.00409600,
    "p75": 0.01433600,
    "min": 0.00307200,
    "max": 0.18636800,
    "unit": "ms"
  },
  "noop_sync_loop_total_ms": 4.70527983,
  "noop_sync_per_step_ms": 0.00941056,
  "kappa_fused_sync_ms": 0.00941056,
  "kappa_fused_sync_us": 9.4106,
  "per_launch_noop_sync_ms": {
    "median": 0.00921600,
    "mean": 0.01515341,
    "std": 0.01166536,
    "p25": 0.00844800,
    "p75": 0.01516800,
    "min": 0.00745600,
    "max": 0.07577600,
    "unit": "ms"
  }
}
