{
  "n_runs": 10,
  "n_loop_launches": 500,
  "n_per_launch_real": 100,
  "n_per_launch_noop": 2000,
  "device": "NVIDIA GeForce RTX 4050 Laptop GPU",
  "sm": "89",
  "clock_rate_khz": 1605000,
  "model": {
    "n_layers": 2,
    "dim": 256,
    "n_heads": 4,
    "ffn_dim": 1024
  },
  "real_per_step_ms": {
    "mean": 0.815630488,
    "std": 0.00931938384656028,
    "min": 0.79833907,
    "max": 0.82523292,
    "unit": "ms"
  },
  "noop_per_step_ms": {
    "mean": 0.006763777,
    "std": 0.0022721628831776125,
    "min": 0.00517491,
    "max": 0.01260954,
    "unit": "ms"
  },
  "kappa_fused_ms": {
    "mean": 0.006763777,
    "std": 0.0022721628831776125,
    "min": 0.00517491,
    "max": 0.01260954,
    "unit": "ms",
    "measurement": "noop_loop_single_event_pair_div_N"
  },
  "kappa_fused_us": 6.763777,
  "compute_from_real_minus_kappa_ms": {
    "mean": 0.808866714,
    "std": 0.009561347444869668,
    "unit": "ms"
  },
  "clock64_compute_ms_at_base": {
    "mean": 1.222234688,
    "std": 0.008110614795813084,
    "unit": "ms"
  },
  "clock64_compute_cycles_per_step": {
    "mean": 1961686.6,
    "std": 13017.482050432538,
    "unit": "cycles"
  },
  "per_launch_real_median_ms": {
    "mean": 0.7143424150000001,
    "std": 0.0014641673735930774,
    "min": 0.71065599,
    "max": 0.71577603,
    "unit": "ms"
  },
  "per_launch_noop_median_ms": {
    "mean": 0.0058192,
    "std": 0.0002732051732062676,
    "min": 0.00528,
    "max": 0.00608,
    "unit": "ms"
  },
  "per_run_results": [
    {
      "run": 0,
      "real_per_step_ms": 0.79833907,
      "noop_per_step_ms": 0.00537395,
      "kappa_fused_ms": 0.00537395,
      "compute_cuda_event_ms": 0.79296512,
      "clock64_cycles_per_step": 1942148,
      "clock64_compute_ms_at_base": 1.21006111,
      "real_per_launch_median_ms": 0.71065599,
      "noop_per_launch_median_ms": 0.005792
    },
    {
      "run": 1,
      "real_per_step_ms": 0.80443799,
      "noop_per_step_ms": 0.00586957,
      "kappa_fused_ms": 0.00586957,
      "compute_cuda_event_ms": 0.79856843,
      "clock64_cycles_per_step": 1945097,
      "clock64_compute_ms_at_base": 1.21189854,
      "real_per_launch_median_ms": 0.71372801,
      "noop_per_launch_median_ms": 0.00608
    },
    {
      "run": 2,
      "real_per_step_ms": 0.8157081,
      "noop_per_step_ms": 0.00523418,
      "kappa_fused_ms": 0.00523418,
      "compute_cuda_event_ms": 0.81047392,
      "clock64_cycles_per_step": 1957011,
      "clock64_compute_ms_at_base": 1.21932147,
      "real_per_launch_median_ms": 0.71372801,
      "noop_per_launch_median_ms": 0.005952
    },
    {
      "run": 3,
      "real_per_step_ms": 0.82404763,
      "noop_per_step_ms": 0.00727834,
      "kappa_fused_ms": 0.00727834,
      "compute_cuda_event_ms": 0.81676929,
      "clock64_cycles_per_step": 1974975,
      "clock64_compute_ms_at_base": 1.23051385,
      "real_per_launch_median_ms": 0.71475202,
      "noop_per_launch_median_ms": 0.00528
    },
    {
      "run": 4,
      "real_per_step_ms": 0.82479715,
      "noop_per_step_ms": 0.00623987,
      "kappa_fused_ms": 0.00623987,
      "compute_cuda_event_ms": 0.81855728,
      "clock64_cycles_per_step": 1974392,
      "clock64_compute_ms_at_base": 1.23015106,
      "real_per_launch_median_ms": 0.71526402,
      "noop_per_launch_median_ms": 0.006048
    },
    {
      "run": 5,
      "real_per_step_ms": 0.82364416,
      "noop_per_step_ms": 0.00517491,
      "kappa_fused_ms": 0.00517491,
      "compute_cuda_event_ms": 0.81846925,
      "clock64_cycles_per_step": 1972856,
      "clock64_compute_ms_at_base": 1.2291938,
      "real_per_launch_median_ms": 0.71475202,
      "noop_per_launch_median_ms": 0.005984
    },
    {
      "run": 6,
      "real_per_step_ms": 0.82523292,
      "noop_per_step_ms": 0.00604774,
      "kappa_fused_ms": 0.00604774,
      "compute_cuda_event_ms": 0.81918518,
      "clock64_cycles_per_step": 1978727,
      "clock64_compute_ms_at_base": 1.23285202,
      "real_per_launch_median_ms": 0.71577603,
      "noop_per_launch_median_ms": 0.005888
    },
    {
      "run": 7,
      "real_per_step_ms": 0.81547266,
      "noop_per_step_ms": 0.01260954,
      "kappa_fused_ms": 0.01260954,
      "compute_cuda_event_ms": 0.80286313,
      "clock64_cycles_per_step": 1961907,
      "clock64_compute_ms_at_base": 1.2223718,
      "real_per_launch_median_ms": 0.71526402,
      "noop_per_launch_median_ms": 0.005984
    },
    {
      "run": 8,
      "real_per_step_ms": 0.80884534,
      "noop_per_step_ms": 0.0082473,
      "kappa_fused_ms": 0.0082473,
      "compute_cuda_event_ms": 0.80059804,
      "clock64_cycles_per_step": 1954478,
      "clock64_compute_ms_at_base": 1.21774335,
      "real_per_launch_median_ms": 0.71424001,
      "noop_per_launch_median_ms": 0.005792
    },
    {
      "run": 9,
      "real_per_step_ms": 0.81577986,
      "noop_per_step_ms": 0.00556237,
      "kappa_fused_ms": 0.00556237,
      "compute_cuda_event_ms": 0.8102175,
      "clock64_cycles_per_step": 1955275,
      "clock64_compute_ms_at_base": 1.21823988,
      "real_per_launch_median_ms": 0.71526402,
      "noop_per_launch_median_ms": 0.005392
    }
  ]
}