{
  "device": "NVIDIA GeForce RTX 4050 Laptop GPU",
  "sm": "89",
  "clock_rate_khz": 1605000,
  "model": {"n_layers": 2, "dim": 256, "n_heads": 4, "ffn_dim": 1024},
  "n_warmup_batches": 3,
  "n_warmup_per_batch": 500,
  "n_loop_launches": 500,
  "n_per_launch_real": 100,
  "n_per_launch_noop": 2000,
  "real_loop_total_ms": 411.82208252,
  "real_per_step_ms": 0.82364416,
  "noop_loop_total_ms": 2.58745599,
  "noop_per_step_ms": 0.00517491,
  "kappa_fused_ms": 0.00517491,
  "kappa_fused_us": 5.1749,
  "kappa_source": "noop_loop_single_event_pair_div_N",
  "compute_cuda_event_ms": 0.81846925,
  "compute_cuda_event_source": "real_per_step_minus_kappa",
  "clock64_compute_cycles_per_step": 1972856,
  "clock64_compute_ms_at_base_clock": 1.22919380,
  "clock64_n_timed_steps": 100,
  "per_launch_real_ms": {
    "median": 0.71475202,
    "mean": 0.75581437,
    "std": 0.17410454,
    "p25": 0.70656002,
    "p75": 0.72294402,
    "min": 0.69734401,
    "max": 1.89030397,
    "unit": "ms"
  },
  "per_launch_noop_ms": {
    "median": 0.00598400,
    "mean": 0.01283698,
    "std": 0.03400008,
    "p25": 0.00409600,
    "p75": 0.01651200,
    "min": 0.00307200,
    "max": 1.23904002,
    "unit": "ms"
  },
  "noop_sync_loop_total_ms": 5.36899185,
  "noop_sync_per_step_ms": 0.01073798,
  "kappa_fused_sync_ms": 0.01073798,
  "kappa_fused_sync_us": 10.7380,
  "per_launch_noop_sync_ms": {
    "median": 0.00921600,
    "mean": 0.01615501,
    "std": 0.01608920,
    "p25": 0.00832000,
    "p75": 0.01638400,
    "min": 0.00729600,
    "max": 0.15155201,
    "unit": "ms"
  }
}
