{
  "device": "NVIDIA GeForce RTX 4050 Laptop GPU",
  "sm": "89",
  "clock_rate_khz": 1605000,
  "model": {"n_layers": 2, "dim": 256, "n_heads": 4, "ffn_dim": 1024},
  "n_warmup_batches": 3,
  "n_warmup_per_batch": 500,
  "n_loop_launches": 500,
  "n_per_launch_real": 100,
  "n_per_launch_noop": 2000,
  "real_loop_total_ms": 407.73632812,
  "real_per_step_ms": 0.81547266,
  "noop_loop_total_ms": 6.30476809,
  "noop_per_step_ms": 0.01260954,
  "kappa_fused_ms": 0.01260954,
  "kappa_fused_us": 12.6095,
  "kappa_source": "noop_loop_single_event_pair_div_N",
  "compute_cuda_event_ms": 0.80286313,
  "compute_cuda_event_source": "real_per_step_minus_kappa",
  "clock64_compute_cycles_per_step": 1961907,
  "clock64_compute_ms_at_base_clock": 1.22237180,
  "clock64_n_timed_steps": 100,
  "per_launch_real_ms": {
    "median": 0.71526402,
    "mean": 0.74648672,
    "std": 0.12603730,
    "p25": 0.70656002,
    "p75": 0.72396803,
    "min": 0.69734401,
    "max": 1.37011194,
    "unit": "ms"
  },
  "per_launch_noop_ms": {
    "median": 0.00598400,
    "mean": 0.01349008,
    "std": 0.02334449,
    "p25": 0.00512000,
    "p75": 0.02048000,
    "min": 0.00307200,
    "max": 0.50790399,
    "unit": "ms"
  },
  "noop_sync_loop_total_ms": 4.52227211,
  "noop_sync_per_step_ms": 0.00904454,
  "kappa_fused_sync_ms": 0.00904454,
  "kappa_fused_sync_us": 9.0445,
  "per_launch_noop_sync_ms": {
    "median": 0.00921600,
    "mean": 0.01519738,
    "std": 0.03145216,
    "p25": 0.00841600,
    "p75": 0.01024000,
    "min": 0.00723200,
    "max": 0.64716798,
    "unit": "ms"
  }
}
