{
  "device": "NVIDIA GeForce RTX 4050 Laptop GPU",
  "sm": "89",
  "clock_rate_khz": 1605000,
  "model": {"n_layers": 2, "dim": 256, "n_heads": 4, "ffn_dim": 1024},
  "n_warmup_batches": 3,
  "n_warmup_per_batch": 500,
  "n_loop_launches": 500,
  "n_per_launch": 100,
  "real_loop_total_ms": 407.55200195,
  "real_per_step_ms": 0.81510401,
  "noop_loop_total_ms": 12.54182434,
  "noop_per_step_ms": 0.02508365,
  "kappa_fused_ms": 0.02508365,
  "kappa_fused_us": 25.0836,
  "kappa_source": "noop_loop_single_event_pair_div_N",
  "compute_cuda_event_ms": 0.79002036,
  "compute_cuda_event_source": "real_per_step_minus_kappa",
  "clock64_compute_cycles_per_step": 1970001,
  "clock64_compute_ms_at_base_clock": 1.22741514,
  "clock64_n_timed_steps": 100,
  "per_launch_real_ms": {
    "median": 0.71577603,
    "mean": 0.74760193,
    "std": 0.14594781,
    "p25": 0.70656002,
    "p75": 0.72396803,
    "min": 0.69632000,
    "max": 1.77766395,
    "unit": "ms"
  },
  "per_launch_noop_ms": {
    "median": 0.03072000,
    "mean": 0.03909504,
    "std": 0.03874289,
    "p25": 0.01331200,
    "p75": 0.04812800,
    "min": 0.00307200,
    "max": 0.26419199,
    "unit": "ms"
  }
}
