{
  "device": "NVIDIA GeForce RTX 4050 Laptop GPU",
  "sm": "89",
  "clock_rate_khz": 1605000,
  "model": {"n_layers": 2, "dim": 256, "n_heads": 4, "ffn_dim": 1024},
  "n_warmup_batches": 3,
  "n_warmup_per_batch": 500,
  "n_loop_launches": 500,
  "n_per_launch": 100,
  "real_loop_total_ms": 406.90277100,
  "real_per_step_ms": 0.81380552,
  "noop_loop_total_ms": 9.79644775,
  "noop_per_step_ms": 0.01959290,
  "kappa_fused_ms": 0.01959290,
  "kappa_fused_us": 19.5929,
  "kappa_source": "noop_loop_single_event_pair_div_N",
  "compute_cuda_event_ms": 0.79421262,
  "compute_cuda_event_source": "real_per_step_minus_kappa",
  "clock64_compute_cycles_per_step": 1967733,
  "clock64_compute_ms_at_base_clock": 1.22600186,
  "clock64_n_timed_steps": 100,
  "per_launch_real_ms": {
    "median": 0.71475202,
    "mean": 0.73572290,
    "std": 0.09255417,
    "p25": 0.70656002,
    "p75": 0.72396803,
    "min": 0.69632000,
    "max": 1.26361597,
    "unit": "ms"
  },
  "per_launch_noop_ms": {
    "median": 0.01428800,
    "mean": 0.05666784,
    "std": 0.17123342,
    "p25": 0.01232000,
    "p75": 0.04915200,
    "min": 0.00307200,
    "max": 1.63430405,
    "unit": "ms"
  }
}
