{
  "device": "NVIDIA GeForce RTX 4050 Laptop GPU",
  "sm": "89",
  "clock_rate_khz": 1605000,
  "model": {"n_layers": 2, "dim": 256, "n_heads": 4, "ffn_dim": 1024},
  "n_warmup_batches": 3,
  "n_warmup_per_batch": 500,
  "n_loop_launches": 500,
  "n_per_launch_real": 100,
  "n_per_launch_noop": 2000,
  "real_loop_total_ms": 402.21899414,
  "real_per_step_ms": 0.80443799,
  "noop_loop_total_ms": 2.93478394,
  "noop_per_step_ms": 0.00586957,
  "kappa_fused_ms": 0.00586957,
  "kappa_fused_us": 5.8696,
  "kappa_source": "noop_loop_single_event_pair_div_N",
  "compute_cuda_event_ms": 0.79856843,
  "compute_cuda_event_source": "real_per_step_minus_kappa",
  "clock64_compute_cycles_per_step": 1945097,
  "clock64_compute_ms_at_base_clock": 1.21189854,
  "clock64_n_timed_steps": 100,
  "per_launch_real_ms": {
    "median": 0.71372801,
    "mean": 0.72274941,
    "std": 0.04858712,
    "p25": 0.70656002,
    "p75": 0.72192001,
    "min": 0.69632000,
    "max": 0.96767998,
    "unit": "ms"
  },
  "per_launch_noop_ms": {
    "median": 0.00608000,
    "mean": 0.01324870,
    "std": 0.02559863,
    "p25": 0.00409600,
    "p75": 0.01945600,
    "min": 0.00307200,
    "max": 0.67379200,
    "unit": "ms"
  },
  "noop_sync_loop_total_ms": 4.25062418,
  "noop_sync_per_step_ms": 0.00850125,
  "kappa_fused_sync_ms": 0.00850125,
  "kappa_fused_sync_us": 8.5012,
  "per_launch_noop_sync_ms": {
    "median": 0.00902400,
    "mean": 0.01432474,
    "std": 0.01630177,
    "p25": 0.00822400,
    "p75": 0.01001600,
    "min": 0.00726400,
    "max": 0.25292799,
    "unit": "ms"
  }
}
