{
  "device": "NVIDIA GeForce RTX 4050 Laptop GPU",
  "sm": "89",
  "clock_rate_khz": 1605000,
  "model": {"n_layers": 2, "dim": 256, "n_heads": 4, "ffn_dim": 1024},
  "n_warmup_batches": 3,
  "n_warmup_per_batch": 500,
  "n_loop_launches": 500,
  "n_per_launch": 100,
  "real_loop_total_ms": 398.81625366,
  "real_per_step_ms": 0.79763252,
  "noop_loop_total_ms": 6.56588793,
  "noop_per_step_ms": 0.01313178,
  "kappa_fused_ms": 0.01313178,
  "kappa_fused_us": 13.1318,
  "kappa_source": "noop_loop_single_event_pair_div_N",
  "compute_cuda_event_ms": 0.78450074,
  "compute_cuda_event_source": "real_per_step_minus_kappa",
  "clock64_compute_cycles_per_step": 1938331,
  "clock64_compute_ms_at_base_clock": 1.20768261,
  "clock64_n_timed_steps": 100,
  "per_launch_real_ms": {
    "median": 0.71526402,
    "mean": 0.72645634,
    "std": 0.05070907,
    "p25": 0.70758402,
    "p75": 0.72294402,
    "min": 0.69734401,
    "max": 0.95744002,
    "unit": "ms"
  },
  "per_launch_noop_ms": {
    "median": 0.02259200,
    "mean": 0.04032192,
    "std": 0.03350196,
    "p25": 0.01254400,
    "p75": 0.08089600,
    "min": 0.00307200,
    "max": 0.14009599,
    "unit": "ms"
  }
}
