{
  "device": "NVIDIA GeForce RTX 4050 Laptop GPU",
  "sm": "89",
  "clock_rate_khz": 1605000,
  "model": {"n_layers": 2, "dim": 256, "n_heads": 4, "ffn_dim": 1024},
  "n_warmup_batches": 3,
  "n_warmup_per_batch": 500,
  "n_loop_launches": 500,
  "n_per_launch_real": 100,
  "n_per_launch_noop": 2000,
  "real_loop_total_ms": 399.16952515,
  "real_per_step_ms": 0.79833907,
  "noop_loop_total_ms": 2.68697596,
  "noop_per_step_ms": 0.00537395,
  "kappa_fused_ms": 0.00537395,
  "kappa_fused_us": 5.3740,
  "kappa_source": "noop_loop_single_event_pair_div_N",
  "compute_cuda_event_ms": 0.79296512,
  "compute_cuda_event_source": "real_per_step_minus_kappa",
  "clock64_compute_cycles_per_step": 1942148,
  "clock64_compute_ms_at_base_clock": 1.21006111,
  "clock64_n_timed_steps": 100,
  "per_launch_real_ms": {
    "median": 0.71065599,
    "mean": 0.74306560,
    "std": 0.14635140,
    "p25": 0.70143998,
    "p75": 0.71884799,
    "min": 0.69222403,
    "max": 1.51551998,
    "unit": "ms"
  },
  "per_launch_noop_ms": {
    "median": 0.00579200,
    "mean": 0.01084062,
    "std": 0.01646667,
    "p25": 0.00409600,
    "p75": 0.01126400,
    "min": 0.00307200,
    "max": 0.50687999,
    "unit": "ms"
  },
  "noop_sync_loop_total_ms": 5.60742378,
  "noop_sync_per_step_ms": 0.01121485,
  "kappa_fused_sync_ms": 0.01121485,
  "kappa_fused_sync_us": 11.2148,
  "per_launch_noop_sync_ms": {
    "median": 0.00921600,
    "mean": 0.01671021,
    "std": 0.03596444,
    "p25": 0.00841600,
    "p75": 0.01433600,
    "min": 0.00716800,
    "max": 0.76697600,
    "unit": "ms"
  }
}
