{
  "device": "NVIDIA GeForce RTX 4050 Laptop GPU",
  "sm": "89",
  "clock_rate_khz": 1605000,
  "model": {"n_layers": 2, "dim": 256, "n_heads": 4, "ffn_dim": 1024},
  "n_warmup_batches": 3,
  "n_warmup_per_batch": 500,
  "n_loop_launches": 500,
  "n_per_launch": 100,
  "real_loop_total_ms": 399.72967529,
  "real_per_step_ms": 0.79945934,
  "noop_loop_total_ms": 13.02118397,
  "noop_per_step_ms": 0.02604237,
  "kappa_fused_ms": 0.02604237,
  "kappa_fused_us": 26.0424,
  "kappa_source": "noop_loop_single_event_pair_div_N",
  "compute_cuda_event_ms": 0.77341697,
  "compute_cuda_event_source": "real_per_step_minus_kappa",
  "clock64_compute_cycles_per_step": 1938887,
  "clock64_compute_ms_at_base_clock": 1.20802942,
  "clock64_n_timed_steps": 100,
  "per_launch_real_ms": {
    "median": 0.71424001,
    "mean": 0.72629058,
    "std": 0.05866918,
    "p25": 0.70758402,
    "p75": 0.72294402,
    "min": 0.69632000,
    "max": 1.11616004,
    "unit": "ms"
  },
  "per_launch_noop_ms": {
    "median": 0.04720000,
    "mean": 0.05333568,
    "std": 0.03528130,
    "p25": 0.03379200,
    "p75": 0.05836800,
    "min": 0.00409600,
    "max": 0.30291200,
    "unit": "ms"
  }
}
